,RegionName,2016_InventoryMeasure_SSA_Zip_Public,2017_InventoryMeasure_SSA_Zip_Public,2018_InventoryMeasure_SSA_Zip_Public,2016_Zip_Listings_PriceCut_SeasAdj_AllHomes,2017_Zip_Listings_PriceCut_SeasAdj_AllHomes,2018_Zip_Listings_PriceCut_SeasAdj_AllHomes,2016_Zip_Median_PriceCut_Dollar_AllHomes,2017_Zip_Median_PriceCut_Dollar_AllHomes,2018_Zip_Median_PriceCut_Dollar_AllHomes,2016_Zip_MedianListingPrice_AllHomes,2017_Zip_MedianListingPrice_AllHomes,2018_Zip_MedianListingPrice_AllHomes,2016_Zip_MedianRentalPrice_AllHomes,2017_Zip_MedianRentalPrice_AllHomes,2018_Zip_MedianRentalPrice_AllHomes,2016_Zip_PctOfHomesDecreasingInValues_AllHomes,2017_Zip_PctOfHomesDecreasingInValues_AllHomes,2018_Zip_PctOfHomesDecreasingInValues_AllHomes,2016_Zip_PctOfHomesIncreasingInValues_AllHomes,2017_Zip_PctOfHomesIncreasingInValues_AllHomes,2018_Zip_PctOfHomesIncreasingInValues_AllHomes,2016_Zip_PriceToRentRatio_AllHomes,2017_Zip_PriceToRentRatio_AllHomes,2018_Zip_PriceToRentRatio_AllHomes,2016_Zip_Zhvi_AllHomes,2017_Zip_Zhvi_AllHomes,2018_Zip_Zhvi_AllHomes,2016_Zip_Zri_AllHomes,2017_Zip_Zri_AllHomes,2018_Zip_Zri_AllHomes,2016_Zip_Zri_MultiFamilyResidenceRental,2017_Zip_Zri_MultiFamilyResidenceRental,2018_Zip_Zri_MultiFamilyResidenceRental,2016_Zip_Zri_SingleFamilyResidenceRental,2017_Zip_Zri_SingleFamilyResidenceRental,2018_Zip_Zri_SingleFamilyResidenceRental,2016_Body_Art_Est_Permanent,2016_Child_Care,2016_Combined_License,2016_Food_Retail,2016_Food_Wholesale,2016_Garage_Repair_of_Motor_Vehic,2016_Kennel,2016_Liquor,2016_Medical_Marijuana,"2016_Parking_Lot,_Garage",2016_Pedal_Cab_Company,2016_Retail_Food_Establishment,2016_Retail_Marijuana_,2016_Second_Hand_Dealer,2016_Short_Term_Rental,2016_Swimming_Pool,2016_Tree_Service_Company,2016_Valet_Location_License,2016_Waste_Hauler,2016_Grand_Total,2017_Body_Art_Est_Permanent,2017_Child_Care,2017_Combined_License,2017_Food_Retail,2017_Food_Wholesale,2017_Garage_Repair_of_Motor_Vehic,2017_Kennel,2017_Liquor,2017_Medical_Marijuana,"2017_Parking_Lot,_Garage",2017_Pedal_Cab_Company,2017_Retail_Food_Establishment,2017_Retail_Marijuana_,2017_Second_Hand_Dealer,2017_Short_Term_Rental,2017_Swimming_Pool,2017_Tree_Service_Company,2017_Valet_Location_License,2017_Waste_Hauler,2017_Grand_Total
0,80134.0,254.66666666666666,239.33333333333334,201.75,13.369151617178714,14.501463251761413,12.0307251001148,10485.208333333334,10637.5,10000.0,476481.25,484767.75,483424.75,2148.625,2192.875,2196.25,3.5316666666666667,3.4075,1.56,93.59249999999999,92.46,97.2275,13.994166666666667,15.163333333333332,15.985,411941.6666666667,440291.6666666667,462050.0,2382.1666666666665,2377.8333333333335,2423.0,1713.25,1729.5833333333333,1748.5,2449.4166666666665,2454.3333333333335,2481.5,0.0,0.0,0.0,0.0,0.0,0.0,0.0,0.0,0.0,0.0,0.0,0.0,0.0,0.0,0.0,0.0,0.0,0.0,1.0,1.0,0.0,0.0,0.0,0.0,0.0,0.0,0.0,0.0,0.0,0.0,0.0,3.0,0.0,0.0,0.0,0.0,0.0,0.0,0.0,3.0
1,80015.0,129.08333333333334,103.91666666666667,100.0,8.169491417290264,11.65658703911793,11.299394129473674,10779.166666666666,9053.583333333334,9061.0,368835.1666666667,388496.4583333333,399725.0,1864.5,1950.8333333333333,2018.125,0.5991666666666666,1.0849999999999997,0.6525000000000001,98.835,97.22333333333331,98.35749999999999,13.542499999999999,14.605833333333331,15.372499999999999,340533.3333333333,369908.3333333333,392750.0,2075.0,2103.8333333333335,2154.75,1459.5833333333333,1502.0833333333333,1554.5,2127.9166666666665,2148.5,2203.75,0.0,0.0,0.0,0.0,0.0,0.0,0.0,0.0,0.0,0.0,0.0,1.0,0.0,0.0,0.0,0.0,0.0,0.0,0.0,1.0,0.0,0.0,0.0,0.0,0.0,0.0,0.0,0.0,0.0,0.0,0.0,5.0,0.0,0.0,0.0,0.0,0.0,0.0,0.0,5.0
2,80219.0,54.416666666666664,51.083333333333336,41.0,5.897177292948288,12.667451859381321,10.517561680072603,10510.210941666015,8477.534175563906,15747.49897188833,260841.66666666666,293520.8333333333,311247.5,1575.0,1706.4583333333333,1816.125,1.1958333333333335,0.8808333333333334,1.19,98.43249999999999,98.53500000000001,98.1875,12.035833333333334,13.266666666666666,14.3225,242350.0,277475.0,308500.0,1689.5833333333333,1732.1666666666667,1773.75,1549.5833333333333,1596.9166666666667,1609.75,1696.5,1741.5,1781.5,0.0,4.0,1.0,1.0,1.0,5.0,0.0,0.0,0.0,0.0,1.0,22.0,1.0,0.0,7.0,0.0,1.0,0.0,0.0,44.0,0.0,7.0,1.0,2.0,11.0,3.0,0.0,0.0,0.0,0.0,0.0,17.0,1.0,1.0,35.0,0.0,1.0,0.0,0.0,79.0
3,80016.0,237.58333333333334,227.0,232.0,12.441471643971658,18.11266647136578,15.7098071037137,11210.791666666666,10824.375,10000.0,502758.125,537429.125,538134.625,2440.8333333333335,2426.8333333333335,2483.75,3.2249999999999996,3.2116666666666664,3.7975,93.3075,92.635,93.06249999999999,14.730000000000002,15.961666666666668,16.52,474191.6666666667,503458.3333333333,533500.0,2684.5,2666.6666666666665,2726.25,1879.9166666666667,1872.25,1917.75,2747.6666666666665,2706.0833333333335,2787.25,0.0,0.0,0.0,0.0,0.0,0.0,0.0,0.0,0.0,0.0,0.0,1.0,0.0,0.0,0.0,0.0,0.0,0.0,0.0,1.0,0.0,0.0,0.0,0.0,0.0,0.0,0.0,0.0,0.0,0.0,0.0,3.0,0.0,0.0,0.0,0.0,0.0,0.0,0.0,3.0
4,80020.0,70.41666666666667,58.166666666666664,50.25,9.168316741856048,11.9908139080519,8.696495881211941,11949.916666666666,11412.5,12050.0,352089.5833333333,382129.1666666667,393725.0,1905.8333333333333,2002.7916666666667,2058.125,1.6516666666666664,2.1758333333333333,3.1100000000000003,96.98666666666668,94.62166666666667,92.655,13.764166666666666,15.015833333333333,15.969999999999999,331291.6666666667,363583.3333333333,381325.0,2022.1666666666667,2019.75,2044.75,1725.1666666666667,1766.25,1822.75,2043.5833333333333,2032.25,2059.75,0.0,0.0,0.0,0.0,0.0,0.0,0.0,0.0,0.0,0.0,1.0,1.0,0.0,0.0,0.0,0.0,1.0,0.0,2.0,5.0,0.0,0.0,0.0,0.0,0.0,0.0,0.0,0.0,0.0,0.0,0.0,3.0,0.0,0.0,0.0,0.0,0.0,0.0,0.0,3.0
5,80123.0,89.25,60.25,67.5,11.336502177041373,12.865401852631608,11.168034591034193,13568.791666666666,12787.5,18131.25,386800.0,389087.0,407850.0,1531.875,1699.375,1696.125,2.6933333333333334,3.3891666666666667,4.449999999999999,95.23166666666667,93.3291666666667,92.80250000000001,14.235833333333332,15.374166666666667,16.1275,347116.6666666667,377608.3333333333,399725.0,2050.3333333333335,2050.6666666666665,2106.75,1644.6666666666667,1705.0833333333333,1712.75,2237.5833333333335,2189.8333333333335,2206.0,0.0,0.0,0.0,1.0,0.0,1.0,0.0,1.0,0.0,0.0,0.0,3.0,0.0,0.0,0.0,0.0,0.0,0.0,0.0,6.0,0.0,0.0,1.0,0.0,0.0,1.0,0.0,1.0,0.0,0.0,0.0,0.0,0.0,0.0,3.0,0.0,0.0,0.0,0.0,6.0
6,80014.0,69.08333333333333,57.0,49.5,8.46103443033492,11.521884731465294,8.820811555812401,8595.833333333334,7389.583333333333,9312.5,240431.25,260712.5,274862.375,1472.0833333333333,1574.7916666666667,1540.625,0.6975000000000001,1.3858333333333333,1.8675000000000002,98.755,97.00999999999999,96.995,11.958333333333336,12.905833333333334,13.762500000000001,238416.66666666666,264150.0,285425.0,1700.5,1756.4166666666667,1794.5,1535.8333333333333,1572.25,1609.75,2028.0,2060.0,2124.0,0.0,0.0,0.0,0.0,0.0,0.0,0.0,0.0,0.0,0.0,0.0,0.0,0.0,0.0,0.0,0.0,0.0,0.0,0.0,0.0,0.0,1.0,1.0,0.0,0.0,0.0,0.0,0.0,0.0,0.0,0.0,3.0,0.0,0.0,0.0,0.0,1.0,0.0,1.0,7.0
7,80229.0,53.416666666666664,48.583333333333336,35.25,4.556405759713359,8.190032660492212,6.636887240053652,9103.030339797779,7652.70597368724,10952.2998924602,243333.29166666666,275641.6666666667,291598.375,1522.875,1643.9583333333333,1697.5,0.26500000000000007,0.54,0.765,99.46583333333332,98.94166666666668,98.3575,12.1275,13.181666666666667,14.035,242016.66666666666,272750.0,292875.0,1648.4166666666667,1691.3333333333333,1749.5,1452.75,1466.0833333333333,1504.25,1688.8333333333333,1732.1666666666667,1780.0,0.0,0.0,0.0,0.0,0.0,0.0,0.0,0.0,0.0,0.0,0.0,0.0,0.0,0.0,0.0,0.0,0.0,0.0,1.0,1.0,0.0,0.0,0.0,0.0,0.0,0.0,0.0,0.0,0.0,0.0,0.0,3.0,0.0,0.0,0.0,0.0,0.0,0.0,0.0,3.0
8,80220.0,99.33333333333333,95.66666666666667,82.5,14.12706753114616,17.19191534298226,17.981130470519872,19295.833333333332,14841.875,11287.5,539637.5,547170.8333333334,551823.75,1831.25,1877.9166666666667,1954.375,3.4441666666666664,5.370833333333334,9.3675,94.22999999999998,90.79166666666667,86.21249999999999,16.66583333333333,18.135,19.7775,432341.6666666667,478925.0,512050.0,2231.5833333333335,2262.4166666666665,2246.5,1554.8333333333333,1566.5833333333333,1573.25,2381.9166666666665,2378.5833333333335,2399.25,1.0,0.0,2.0,4.0,2.0,0.0,0.0,3.0,0.0,0.0,0.0,5.0,0.0,0.0,13.0,3.0,0.0,0.0,0.0,33.0,2.0,4.0,1.0,2.0,4.0,4.0,0.0,2.0,0.0,1.0,0.0,9.0,1.0,0.0,49.0,0.0,0.0,0.0,0.0,79.0
9,80231.0,53.25,49.583333333333336,42.0,8.77868114835825,13.282279419548006,6.68996823595538,14125.0,9345.875,24825.0,287845.11851963174,290904.375,301800.0,1642.1121604616715,1625.5416666666667,1723.75,2.9458333333333333,4.096666666666667,4.0225,94.87333333333333,91.97666666666667,92.82249999999999,12.808333333333332,13.736666666666666,14.725,281091.6666666667,308433.3333333333,340325.0,1856.8333333333333,1880.0833333333333,1930.5,1520.4166666666667,1590.6666666666667,1637.75,2294.4166666666665,2239.4166666666665,2287.5,0.0,0.0,3.0,1.0,1.0,0.0,0.0,1.0,0.0,0.0,0.0,3.0,1.0,0.0,3.0,2.0,0.0,0.0,1.0,16.0,0.0,1.0,0.0,0.0,0.0,1.0,1.0,1.0,0.0,0.0,0.0,3.0,0.0,0.0,7.0,3.0,0.0,0.0,0.0,17.0
10,80401.0,93.25,87.41666666666667,82.25,11.262797498427185,13.117455864995852,11.06012453207398,18358.333333333332,16320.875,20625.0,591344.4444444445,637083.25,638500.0,2335.812483692877,2152.0833333333335,2326.875,3.0941666666666667,3.8008333333333333,4.715,94.32833333333333,93.0458333333333,91.47,15.94333333333333,17.541666666666664,19.0375,462208.3333333333,498425.0,524275.0,2321.3333333333335,2311.75,2282.0,1706.0833333333333,1747.6666666666667,1795.25,2470.5,2436.3333333333335,2413.0,0.0,0.0,0.0,0.0,0.0,0.0,0.0,0.0,0.0,0.0,0.0,2.0,0.0,0.0,0.0,0.0,0.0,0.0,0.0,2.0,0.0,0.0,0.0,0.0,0.0,0.0,0.0,0.0,0.0,0.0,0.0,2.0,0.0,0.0,0.0,0.0,2.0,0.0,0.0,4.0
11,80127.0,91.16666666666667,74.33333333333333,67.75,10.237511527755894,13.319540077922328,11.99269935327097,11666.666666666666,12692.166666666666,10700.0,451695.8333333333,451110.375,471728.75,2215.9908029991593,2078.3333333333335,2298.75,1.4991666666666668,2.0783333333333336,2.51,96.80250000000001,94.7925,95.07,14.93916666666667,16.157500000000002,16.985,402016.6666666667,434566.6666666667,455750.0,2256.4166666666665,2244.5,2282.5,1716.3333333333333,1762.0,1787.0,2309.0,2300.0833333333335,2325.0,0.0,0.0,0.0,0.0,0.0,0.0,0.0,0.0,0.0,0.0,0.0,1.0,1.0,0.0,0.0,0.0,0.0,0.0,0.0,2.0,0.0,0.0,0.0,0.0,1.0,0.0,0.0,0.0,0.0,0.0,0.0,0.0,0.0,0.0,0.0,0.0,0.0,0.0,0.0,1.0
12,80210.0,103.0,107.83333333333333,97.0,12.62848078706538,20.145675280623234,16.375602314292124,20391.791666666668,19912.5,19137.5,597995.8333333334,667720.8333333334,623350.0,2244.375,2233.3333333333335,2412.5,3.8599999999999994,5.694166666666667,11.455,93.17666666666666,89.78833333333331,82.655,17.836666666666662,19.587500000000002,21.099999999999998,506566.6666666667,556233.3333333334,599275.0,2424.1666666666665,2420.1666666666665,2419.5,1947.6666666666667,1951.25,1986.0,2429.4166666666665,2423.6666666666665,2420.5,3.0,4.0,2.0,2.0,1.0,1.0,0.0,2.0,0.0,0.0,0.0,8.0,2.0,0.0,21.0,0.0,0.0,0.0,0.0,46.0,2.0,1.0,3.0,2.0,1.0,1.0,1.0,7.0,0.0,6.0,0.0,11.0,0.0,2.0,74.0,0.0,0.0,1.0,0.0,112.0
13,80211.0,154.16666666666666,144.33333333333334,113.0,13.377310830870746,17.68292040129819,12.262688215663449,15870.416666666666,15170.833333333334,12250.0,546523.9583333334,552777.8333333334,541862.5,2151.4583333333335,2257.9166666666665,2300.0,4.107499999999999,5.616666666666666,6.4025,93.90749999999998,89.82916666666667,89.06,16.654999999999998,18.0275,19.447499999999998,449333.3333333333,489983.3333333333,525925.0,2242.5,2279.25,2260.5,2068.4166666666665,2096.0,2118.0,2260.75,2298.6666666666665,2267.0,1.0,1.0,6.0,2.0,1.0,1.0,0.0,3.0,0.0,0.0,0.0,13.0,0.0,0.0,60.0,0.0,1.0,1.0,0.0,90.0,0.0,1.0,4.0,0.0,4.0,0.0,0.0,6.0,0.0,2.0,0.0,14.0,0.0,0.0,263.0,1.0,0.0,1.0,0.0,296.0
14,80227.0,48.583333333333336,40.0,44.75,9.216881325892343,12.674654448396865,13.48418485663802,12295.875,9320.833333333334,10800.0,358189.5833333333,384061.1666666667,423725.0,1817.754034719601,1543.3333333333333,1608.75,1.2933333333333332,1.3233333333333333,1.9125,97.42250000000001,97.03083333333332,95.7375,13.670833333333333,14.933333333333332,15.8475,325508.3333333333,358741.6666666667,384000.0,1992.3333333333333,2000.4166666666667,2069.5,1455.3333333333333,1476.75,1514.5,2155.9166666666665,2134.9166666666665,2152.75,0.0,0.0,0.0,0.0,0.0,0.0,0.0,2.0,0.0,0.0,0.0,2.0,0.0,0.0,2.0,1.0,1.0,0.0,0.0,8.0,0.0,0.0,1.0,2.0,1.0,0.0,0.0,2.0,0.0,1.0,0.0,3.0,0.0,0.0,0.0,1.0,0.0,0.0,1.0,12.0
15,80126.0,105.58333333333333,87.08333333333333,69.75,12.840675546617119,17.92257412426834,12.88601659932375,13093.75,11018.75,13487.5,514524.9166666667,531633.3333333334,588437.5,2238.2916666666665,2272.9166666666665,2245.0,2.8800000000000003,3.3833333333333333,1.1975,94.14500000000002,92.35083333333331,97.44,14.835,16.080000000000002,17.0925,447841.6666666667,475500.0,500000.0,2476.6666666666665,2481.75,2516.25,1828.9166666666667,1892.5,1893.0,2535.9166666666665,2530.0833333333335,2556.25,0.0,0.0,0.0,0.0,0.0,0.0,0.0,0.0,0.0,0.0,0.0,0.0,0.0,0.0,0.0,0.0,0.0,0.0,1.0,1.0,0.0,0.0,0.0,0.0,0.0,0.0,0.0,0.0,0.0,0.0,0.0,0.0,0.0,0.0,0.0,0.0,0.0,0.0,0.0,0.0
16,80205.0,68.83333333333333,87.25,79.0,11.419045539087028,12.893770910967406,11.666329531070526,14420.791666666666,12875.0,14250.0,429636.2916666667,479008.1666666667,494597.125,2017.6666666666667,2111.25,2173.625,3.0566666666666666,2.6275000000000004,3.0725000000000002,95.00750000000001,94.8575,94.17,15.498333333333335,16.835833333333337,18.0125,383541.6666666667,422616.6666666667,450775.0,2032.5,2090.75,2127.5,1916.8333333333333,1932.3333333333333,1958.5,2070.75,2131.0833333333335,2157.5,3.0,4.0,14.0,2.0,5.0,1.0,0.0,2.0,0.0,0.0,2.0,18.0,1.0,0.0,62.0,0.0,0.0,1.0,0.0,115.0,0.0,3.0,15.0,4.0,3.0,0.0,0.0,4.0,0.0,10.0,0.0,19.0,1.0,0.0,228.0,0.0,1.0,1.0,0.0,289.0
17,80228.0,52.666666666666664,53.916666666666664,54.25,9.556950334268437,15.78687680677185,12.7182396809926,11104.166666666666,11954.208333333334,12112.75,409022.0416666667,437475.625,448220.5,1937.2321045073763,1724.75,1856.0,1.2608333333333333,1.3633333333333333,2.2800000000000002,97.62083333333332,96.58833333333335,95.1575,14.504166666666665,15.784166666666666,16.950000000000003,379275.0,410641.6666666667,430725.0,2160.8333333333335,2140.8333333333335,2150.5,1462.25,1518.5,1557.5,2252.0,2211.8333333333335,2206.75,0.0,0.0,0.0,0.0,0.0,0.0,0.0,0.0,0.0,0.0,0.0,2.0,0.0,0.0,0.0,0.0,0.0,0.0,0.0,2.0,0.0,0.0,0.0,0.0,1.0,0.0,0.0,0.0,0.0,0.0,0.0,0.0,0.0,0.0,0.0,0.0,0.0,0.0,0.0,1.0
18,80247.0,52.5,62.0,54.5,9.201248418478224,16.08013583857081,13.111582441779426,6170.75,6320.833333333333,6312.5,200613.29166666666,229227.08333333334,244350.0,1470.7053094236744,1419.5833333333333,1421.875,1.9233333333333331,4.3116666666666665,4.92,96.67666666666666,92.1775,92.72999999999999,10.799999999999999,11.9125,12.775,184750.0,204416.66666666666,224425.0,1407.75,1418.4166666666667,1438.0,1379.9166666666667,1390.0833333333333,1413.75,2161.9166666666665,2148.6666666666665,2201.5,0.0,0.0,2.0,0.0,0.0,1.0,0.0,0.0,0.0,0.0,0.0,0.0,0.0,0.0,0.0,0.0,0.0,0.0,0.0,3.0,0.0,0.0,3.0,1.0,1.0,0.0,0.0,0.0,0.0,0.0,0.0,3.0,0.0,0.0,1.0,0.0,0.0,0.0,1.0,10.0
19,80004.0,51.166666666666664,50.583333333333336,40.25,9.241225741572611,16.877137487748957,14.113013975940124,11525.0,9900.0,10000.0,373562.5,401177.0833333333,422437.5,1694.7630510710812,1978.875,1971.875,0.4675,1.3283333333333334,2.1425,99.02166666666666,96.33916666666669,94.64750000000001,14.475,15.410000000000002,16.525,346900.0,381250.0,401875.0,1990.75,2019.1666666666667,2032.75,1615.75,1672.0,1739.5,2012.75,2035.75,2042.0,0.0,0.0,0.0,0.0,0.0,0.0,0.0,0.0,0.0,0.0,0.0,0.0,0.0,0.0,0.0,0.0,1.0,0.0,0.0,1.0,0.0,0.0,0.0,0.0,0.0,0.0,0.0,0.0,0.0,0.0,0.0,0.0,0.0,0.0,0.0,0.0,1.0,0.0,0.0,1.0
20,80204.0,89.41666666666667,112.75,103.5,9.716083722375808,9.762153457970244,9.026441018484118,12916.666666666666,11670.833333333334,11250.25,490954.125,504820.7083333333,525562.25,1853.5416666666667,1911.6666666666667,2136.25,4.1125,4.864166666666667,4.6625,94.37249999999999,92.01916666666666,92.2175,13.698333333333336,15.188333333333333,16.2975,294608.3333333333,335758.3333333333,366175.0,1787.3333333333333,1834.25,1908.75,1872.9166666666667,1856.6666666666667,1902.25,1771.9166666666667,1816.0833333333333,1894.0,1.0,1.0,1.0,1.0,3.0,2.0,0.0,2.0,1.0,0.0,5.0,10.0,6.0,0.0,20.0,1.0,0.0,0.0,2.0,56.0,1.0,0.0,3.0,1.0,3.0,1.0,0.0,3.0,1.0,11.0,1.0,14.0,1.0,0.0,102.0,1.0,0.0,0.0,0.0,143.0
21,80221.0,43.166666666666664,48.25,47.75,8.95786864299963,13.25033750887468,9.225202311699878,9596.041666666666,10730.541666666666,12061.875,306091.5416666667,356553.3333333333,378335.0,1654.4507428539607,1901.0416666666667,1896.875,1.3908333333333334,1.6333333333333335,2.1550000000000002,97.84083333333335,96.84499999999998,96.3125,12.401666666666666,13.193333333333335,14.202499999999999,260233.33333333334,290733.3333333333,311775.0,1680.75,1753.4166666666667,1810.75,1414.0833333333333,1500.5833333333333,1520.0,1684.0833333333333,1758.0833333333333,1811.75,0.0,0.0,0.0,0.0,1.0,0.0,0.0,0.0,0.0,0.0,0.0,6.0,0.0,0.0,1.0,0.0,2.0,0.0,2.0,12.0,0.0,0.0,0.0,1.0,1.0,1.0,0.0,0.0,0.0,0.0,1.0,6.0,0.0,0.0,22.0,0.0,0.0,0.0,0.0,32.0
22,80031.0,62.083333333333336,62.0,51.0,9.281462168464515,14.74810836801189,10.373528968541276,10631.291666666666,9420.875,8761.25,357546.2916666667,359262.5,380744.875,1741.2139398494583,1812.0833333333333,1851.875,1.25,2.7183333333333333,5.7625,97.8825,94.38583333333334,90.47,13.3125,14.469166666666666,15.187499999999998,298625.0,329941.6666666667,346725.0,1812.0,1888.75,1915.25,1579.4166666666667,1644.4166666666667,1669.5,1887.4166666666667,1938.3333333333333,1950.25,0.0,0.0,0.0,0.0,0.0,0.0,0.0,0.0,0.0,0.0,0.0,0.0,0.0,0.0,0.0,0.0,0.0,0.0,0.0,0.0,0.0,0.0,0.0,0.0,1.0,0.0,0.0,0.0,0.0,0.0,0.0,1.0,0.0,0.0,0.0,0.0,0.0,0.0,0.0,2.0
23,80209.0,105.33333333333333,95.83333333333333,83.5,12.627466139285424,14.990880643833831,13.10881588948985,23722.916666666668,24041.583333333332,18999.75,721816.6666666666,750250.0,748468.75,2350.0,2346.875,2475.0,4.6291666666666655,7.144166666666667,9.79,91.85666666666664,87.6325,84.4375,18.087500000000002,20.179166666666667,21.9825,617791.6666666666,665950.0,699675.0,2695.3333333333335,2681.8333333333335,2633.5,2037.8333333333333,2070.9166666666665,2059.0,2890.9166666666665,2840.9166666666665,2780.25,0.0,1.0,2.0,0.0,2.0,0.0,0.0,1.0,0.0,0.0,0.0,1.0,0.0,2.0,18.0,0.0,1.0,0.0,0.0,28.0,0.0,1.0,4.0,3.0,4.0,1.0,1.0,3.0,0.0,0.0,0.0,4.0,0.0,0.0,64.0,0.0,0.0,2.0,0.0,87.0
24,80206.0,90.25,82.08333333333333,87.25,12.874888034606812,15.097292819047484,12.716313496049276,28700.0,17587.5,21187.5,705558.3333333334,753844.5833333334,814578.125,2306.4583333333335,2228.75,2243.75,4.999999999999999,9.174166666666666,12.5975,92.15166666666669,85.09833333333333,81.845,17.82,19.76833333333333,21.155,555483.3333333334,622591.6666666666,658275.0,2572.3333333333335,2570.75,2550.5,2048.9166666666665,2032.5,2033.25,2812.4166666666665,2757.0833333333335,2702.25,0.0,1.0,12.0,3.0,1.0,0.0,0.0,2.0,0.0,0.0,1.0,5.0,0.0,0.0,15.0,2.0,0.0,1.0,0.0,43.0,0.0,0.0,6.0,0.0,6.0,0.0,0.0,3.0,0.0,3.0,1.0,14.0,0.0,1.0,61.0,2.0,0.0,3.0,0.0,100.0
25,80112.0,57.666666666666664,47.083333333333336,37.25,10.382120425611797,15.825523955190574,12.217441732845948,10670.833333333334,10141.666666666666,11487.5,386173.875,412676.3333333333,420478.625,1935.5833333333333,1991.0416666666667,2056.875,2.7975,5.161666666666666,4.4399999999999995,94.76916666666666,89.11500000000001,91.5725,14.657499999999999,15.763333333333334,16.645,396533.3333333333,419708.3333333333,439000.0,2259.9166666666665,2251.3333333333335,2308.5,1794.25,1777.3333333333333,1817.75,2516.9166666666665,2487.1666666666665,2536.5,0.0,0.0,0.0,0.0,0.0,0.0,0.0,0.0,0.0,0.0,0.0,0.0,0.0,0.0,0.0,0.0,0.0,0.0,1.0,1.0,0.0,0.0,0.0,0.0,0.0,0.0,0.0,0.0,0.0,0.0,0.0,0.0,0.0,0.0,0.0,0.0,0.0,0.0,0.0,0.0
26,80601.0,77.66666666666667,72.0,65.75,10.420000948192692,11.500288587430212,11.841060208482194,8804.958333333334,7952.833333333333,8914.375,333953.875,362761.25,380385.0,1651.827867481088,1870.5,2028.75,1.2125,1.5616666666666668,2.1425,98.0025,96.35083333333334,95.985,12.770000000000001,13.760833333333336,14.502500000000001,283883.3333333333,313208.3333333333,334200.0,1818.4166666666667,1860.1666666666667,1900.25,1549.5,1576.0833333333333,1625.75,1837.9166666666667,1879.9166666666667,1913.0,0.0,0.0,0.0,0.0,0.0,0.0,0.0,0.0,0.0,0.0,0.0,0.0,0.0,0.0,0.0,0.0,0.0,0.0,0.0,0.0,0.0,0.0,0.0,0.0,0.0,0.0,0.0,0.0,0.0,0.0,0.0,1.0,0.0,0.0,0.0,0.0,0.0,0.0,1.0,2.0
27,80111.0,87.08333333333333,70.16666666666667,62.25,13.268007534693519,16.99890576078658,12.785053739169426,26916.666666666668,16800.0,16262.5,737452.0,739314.5833333334,786193.75,1945.625,2175.0,2068.125,5.111666666666667,9.299166666666666,13.030000000000001,91.21749999999999,84.25666666666667,81.05250000000001,15.359166666666665,16.60833333333333,17.8125,564616.6666666666,587775.0,614175.0,2934.4166666666665,2987.5,2934.0,1734.8333333333333,1751.8333333333333,1784.5,3325.0833333333335,3377.4166666666665,3360.25,0.0,0.0,0.0,0.0,2.0,0.0,0.0,0.0,0.0,0.0,0.0,0.0,0.0,0.0,0.0,0.0,1.0,0.0,2.0,5.0,0.0,0.0,0.0,0.0,0.0,0.0,0.0,0.0,0.0,0.0,0.0,2.0,0.0,0.0,0.0,0.0,0.0,0.0,0.0,2.0
28,80120.0,35.916666666666664,48.166666666666664,36.25,7.788283730370888,17.604930348213724,15.110502307814375,12479.166666666666,11875.0,13825.0,380324.9583333333,436283.3333333333,455975.0,1811.1150504847956,1858.6363636363637,1889.375,1.9666666666666666,2.8249999999999997,1.9425000000000001,96.47416666666668,93.57,95.6025,14.687499999999998,16.01083333333333,16.8675,364141.6666666667,403225.0,426175.0,2041.9166666666667,2097.8333333333335,2150.25,1754.6666666666667,1775.5,1811.0,2154.0833333333335,2178.4166666666665,2241.25,0.0,0.0,0.0,0.0,0.0,0.0,0.0,0.0,0.0,0.0,0.0,1.0,0.0,0.0,0.0,0.0,0.0,0.0,0.0,1.0,0.0,0.0,0.0,0.0,0.0,0.0,0.0,0.0,0.0,0.0,0.0,1.0,0.0,0.0,0.0,0.0,1.0,0.0,0.0,2.0
29,80218.0,48.833333333333336,50.5,46.5,10.777515480435179,15.04557367232458,8.496138731174781,17191.666666666668,12137.5,15625.0,405761.3551937634,447780.9665744458,451438.6360516389,1963.1180689626133,1780.0,1780.625,4.1525,7.791666666666667,9.175,93.5175,87.52833333333332,85.435,15.440833333333332,16.469166666666666,17.6375,397183.3333333333,419400.0,442350.0,2114.75,2134.6666666666665,2119.25,1655.8333333333333,1651.8333333333333,1655.0,3146.4166666666665,3055.5,3054.25,0.0,0.0,2.0,1.0,0.0,0.0,0.0,1.0,0.0,0.0,0.0,6.0,0.0,0.0,23.0,0.0,0.0,0.0,0.0,33.0,0.0,1.0,1.0,1.0,3.0,0.0,0.0,1.0,0.0,0.0,2.0,6.0,0.0,0.0,72.0,0.0,0.0,1.0,0.0,88.0
30,80237.0,42.25,46.416666666666664,40.25,13.293189624596044,15.397510480743366,14.129637773307726,12891.041666666666,11491.666666666666,10562.5,441925.0,463210.7916666667,460093.75,2113.6932318285194,1887.534638780632,1963.8075800952763,4.354166666666667,4.896666666666666,5.625,91.98166666666667,90.42416666666668,89.80999999999999,14.6725,16.011666666666667,16.835,373691.6666666667,419700.0,443650.0,2183.5833333333335,2207.5,2222.5,1676.5833333333333,1679.0,1737.5,2458.0,2390.25,2378.5,0.0,0.0,4.0,0.0,0.0,0.0,1.0,0.0,0.0,0.0,0.0,5.0,0.0,0.0,1.0,0.0,0.0,0.0,0.0,11.0,0.0,0.0,5.0,2.0,1.0,0.0,0.0,0.0,0.0,1.0,0.0,5.0,0.0,0.0,10.0,0.0,0.0,1.0,0.0,25.0
31,80104.0,121.75,102.5,88.75,10.881022670697847,14.315383491573757,11.754848321451464,10682.375,9804.166666666666,10499.75,415112.1666666667,424156.25,431774.375,1850.0,2035.2083333333333,2098.75,3.306666666666667,2.4433333333333334,1.0975000000000001,94.355,94.35916666666667,98.0625,13.233333333333334,14.241666666666667,15.3075,343758.3333333333,366591.6666666667,387900.0,2176.4166666666665,2180.75,2187.25,1716.9166666666667,1766.6666666666667,1772.5,2232.75,2242.0833333333335,2232.25,0.0,0.0,0.0,0.0,0.0,0.0,0.0,0.0,0.0,0.0,0.0,1.0,0.0,0.0,0.0,0.0,0.0,0.0,0.0,1.0,0.0,0.0,0.0,0.0,0.0,0.0,0.0,0.0,0.0,0.0,0.0,0.0,0.0,0.0,0.0,0.0,0.0,0.0,0.0,0.0
32,80602.0,144.0,117.08333333333333,105.5,11.127674194459486,13.920481489616607,14.344072656217026,9941.083333333334,8810.875,7637.5,432334.7916666667,444297.5,458637.5,2125.547554570532,2094.616341607471,2105.1719415913294,2.0000000000000004,6.445,6.045,96.0025,87.41083333333334,88.785,13.888333333333335,14.871666666666664,15.594999999999999,404858.3333333333,424700.0,443375.0,2391.6666666666665,2359.0,2356.25,1613.5833333333333,1662.3333333333333,1731.0,2419.25,2384.3333333333335,2387.0,0.0,0.0,0.0,0.0,0.0,0.0,0.0,0.0,0.0,0.0,0.0,0.0,0.0,0.0,0.0,0.0,0.0,0.0,0.0,0.0,0.0,0.0,0.0,0.0,0.0,0.0,0.0,0.0,0.0,0.0,0.0,0.0,0.0,0.0,0.0,0.0,1.0,0.0,0.0,1.0
33,80202.0,93.08333333333333,98.83333333333333,96.5,14.802557115566714,15.863483109069461,15.347815871340325,19816.625,16817.5,11375.0,574991.6666666666,595816.6666666666,654087.5,2467.2916666666665,2327.0416666666665,2299.75,11.151666666666666,20.636666666666663,17.6375,82.74249999999999,68.85000000000001,75.5275,16.5275,17.648333333333337,18.7475,465566.6666666667,483233.3333333333,504000.0,2404.5,2343.5833333333335,2303.75,2333.5,2250.9166666666665,2231.5,2861.5833333333335,2499.8333333333335,2404.0,0.0,0.0,17.0,1.0,1.0,0.0,0.0,4.0,0.0,4.0,1.0,14.0,0.0,1.0,2.0,3.0,0.0,1.0,0.0,49.0,0.0,3.0,12.0,3.0,3.0,0.0,0.0,4.0,0.0,20.0,1.0,20.0,1.0,1.0,30.0,3.0,0.0,9.0,0.0,110.0
34,80138.0,105.08333333333333,79.25,76.25,13.785087727890266,16.94875110611286,14.373980192477347,12557.833333333334,11183.333333333334,13750.0,505912.5,527681.25,522998.75,2037.8251089130965,1960.8740430889509,1985.1519220753144,4.3125,4.064166666666667,3.1525,91.73666666666666,91.97333333333334,94.9575,14.066666666666668,15.146666666666663,16.0975,429683.3333333333,458308.3333333333,486125.0,2497.3333333333335,2538.5,2547.25,1699.25,1745.0833333333333,1743.75,2528.75,2571.8333333333335,2570.0,0.0,0.0,0.0,0.0,0.0,0.0,0.0,0.0,0.0,0.0,0.0,0.0,0.0,0.0,0.0,0.0,0.0,0.0,0.0,0.0,0.0,0.0,0.0,0.0,0.0,0.0,0.0,0.0,0.0,0.0,0.0,0.0,0.0,0.0,0.0,0.0,1.0,0.0,0.0,1.0
35,80222.0,37.75,38.166666666666664,43.5,9.465824098812949,15.948153375015766,12.918381773115385,13008.75,11566.75,10737.5,385758.3333333333,431237.375,457530.25,1815.5145721950087,1878.75,2029.375,2.9625,4.050833333333333,4.755,95.34166666666668,92.9175,91.35,15.000000000000002,16.329166666666666,17.397499999999997,359575.0,408050.0,434575.0,2025.5833333333333,2071.9166666666665,2101.0,1279.0833333333333,1260.1666666666667,1327.75,2100.6666666666665,2153.5833333333335,2171.5,0.0,1.0,3.0,0.0,3.0,0.0,0.0,2.0,1.0,0.0,0.0,6.0,0.0,0.0,5.0,1.0,0.0,0.0,0.0,22.0,0.0,4.0,5.0,2.0,2.0,4.0,1.0,1.0,0.0,0.0,0.0,5.0,0.0,1.0,18.0,1.0,1.0,0.0,0.0,45.0
36,80005.0,49.0,49.5,36.75,10.282900483684584,15.426245010491238,12.146748557061425,12495.75,10526.083333333334,10675.0,433485.8333333333,455657.5,445500.0,2067.435852923172,1791.854374439983,1852.5243015853064,0.9116666666666666,1.6616666666666664,2.695,98.03416666666668,95.80000000000001,93.91,14.779166666666667,15.992500000000001,17.1,378008.3333333333,413825.0,430500.0,2137.0833333333335,2120.4166666666665,2122.5,1541.0833333333333,1557.3333333333333,1590.0,2201.0833333333335,2162.25,2156.5,0.0,0.0,0.0,0.0,0.0,0.0,0.0,0.0,0.0,0.0,1.0,1.0,0.0,0.0,0.0,0.0,0.0,0.0,0.0,2.0,0.0,0.0,0.0,0.0,0.0,0.0,0.0,0.0,0.0,0.0,0.0,1.0,0.0,0.0,0.0,0.0,0.0,0.0,0.0,1.0
37,80113.0,78.66666666666667,64.5,66.25,11.26885081793826,13.83943607539838,14.524857351602375,51420.75,33752.0,18375.0,448374.7540932318,453763.96859323926,455009.80992765294,1884.5144508082747,2093.75,2130.625,4.714999999999999,5.6125,6.459999999999999,92.8675,91.86166666666666,90.275,14.551666666666668,16.059166666666666,17.2725,372150.0,407433.3333333333,437400.0,2033.6666666666667,2087.6666666666665,2091.0,1815.1666666666667,1822.9166666666667,1832.25,2041.9166666666667,2089.8333333333335,2091.25,0.0,0.0,0.0,0.0,1.0,0.0,0.0,0.0,0.0,0.0,0.0,1.0,0.0,0.0,0.0,0.0,0.0,0.0,0.0,2.0,0.0,0.0,0.0,0.0,0.0,0.0,0.0,0.0,0.0,0.0,0.0,1.0,0.0,0.0,0.0,0.0,0.0,0.0,0.0,1.0
38,80108.0,209.08333333333334,187.5,200.5,14.478016694013023,17.000401647375668,16.891028690421876,18971.25,18116.875,22175.0,718339.95,687593.3333333334,638262.25,2117.550902568943,2443.9654801490997,2512.352366976214,10.512500000000001,9.279166666666667,6.9025,83.26666666666667,82.99000000000001,89.45250000000001,14.845833333333331,16.35666666666667,17.1475,531900.0,554700.0,578425.0,3044.75,2906.9166666666665,2963.25,1983.5833333333333,2021.1666666666667,2049.75,3081.1666666666665,2910.1666666666665,2975.0,0.0,0.0,0.0,0.0,0.0,0.0,0.0,0.0,0.0,0.0,0.0,1.0,0.0,0.0,0.0,0.0,0.0,0.0,0.0,1.0,0.0,0.0,0.0,0.0,0.0,0.0,0.0,0.0,0.0,0.0,0.0,0.0,0.0,0.0,0.0,0.0,1.0,0.0,0.0,1.0
39,80439.0,161.16666666666666,146.08333333333334,139.75,12.240702422464539,13.773621964182267,12.717052139533225,16375.0,19779.166666666668,22475.0,654727.0833333334,718804.1666666666,769475.0,2134.9793853450687,2315.4545454545455,2461.25,8.532499999999999,9.0725,6.105,87.33916666666669,85.27666666666666,90.12,15.961666666666668,17.61,19.1875,492258.3333333333,524616.6666666666,554875.0,2610.0833333333335,2538.0,2501.25,1772.9166666666667,1821.1666666666667,1862.75,2642.8333333333335,2567.8333333333335,2531.25,0.0,0.0,0.0,0.0,0.0,0.0,0.0,0.0,0.0,0.0,0.0,0.0,0.0,0.0,0.0,0.0,0.0,0.0,0.0,0.0,0.0,0.0,0.0,0.0,0.0,0.0,0.0,0.0,0.0,0.0,0.0,0.0,0.0,0.0,0.0,0.0,1.0,0.0,0.0,1.0
40,80249.0,54.333333333333336,38.333333333333336,30.5,6.050497050453646,9.063286345639717,8.649748023199258,10583.233807569055,9233.154066340025,17414.12239145712,284637.5,303216.6666666667,324225.0,1695.0861214952042,1918.9583333333333,2000.0,2.2041666666666666,0.7533333333333334,1.0274999999999999,96.58749999999999,98.27416666666666,97.875,12.411666666666667,13.185,13.985,276608.3333333333,303766.6666666667,327025.0,1816.75,1886.9166666666667,1970.0,1621.5,1680.0,1682.75,1839.1666666666667,1913.8333333333333,1998.25,0.0,2.0,3.0,1.0,1.0,1.0,0.0,1.0,0.0,0.0,0.0,7.0,0.0,0.0,8.0,0.0,1.0,0.0,0.0,25.0,0.0,7.0,4.0,2.0,0.0,0.0,0.0,2.0,0.0,0.0,0.0,16.0,1.0,0.0,15.0,0.0,0.0,0.0,0.0,47.0
41,80212.0,63.0,61.333333333333336,61.0,10.764042196129743,12.274013252600078,15.507759743387737,14058.333333333334,15366.666666666666,16927.5,548974.1002765324,587525.0,589125.0,2050.0,2203.125,2181.25,2.268333333333333,4.9425,6.7475,96.26916666666669,90.78666666666668,88.86999999999999,16.785833333333333,18.0225,19.59,433475.0,468333.3333333333,495000.0,2133.8333333333335,2155.4166666666665,2148.75,2092.5833333333335,2111.4166666666665,2115.5,2125.0833333333335,2135.4166666666665,2133.25,0.0,0.0,2.0,2.0,0.0,0.0,0.0,1.0,0.0,0.0,0.0,3.0,1.0,0.0,22.0,0.0,0.0,0.0,0.0,31.0,0.0,2.0,3.0,0.0,2.0,0.0,0.0,1.0,0.0,0.0,0.0,3.0,0.0,0.0,69.0,0.0,0.0,0.0,0.0,80.0
42,80124.0,61.5,56.166666666666664,51.75,12.56831707327226,16.80308525392161,16.7766525857289,14366.708333333334,16495.833333333332,15272.0,577624.7476074654,464323.4983257427,467935.5977872497,2403.024153748749,2550.625,2560.625,6.2075,6.144166666666667,3.015,87.59833333333331,87.81333333333332,94.55999999999999,14.764999999999999,16.0425,16.98,481825.0,514008.3333333333,544650.0,2727.3333333333335,2705.5,2706.25,2204.25,2195.5833333333335,2233.5,2898.9166666666665,2838.75,2825.25,0.0,0.0,0.0,0.0,1.0,0.0,0.0,0.0,0.0,0.0,0.0,0.0,0.0,0.0,0.0,0.0,0.0,0.0,0.0,1.0,0.0,0.0,0.0,0.0,0.0,0.0,0.0,0.0,0.0,0.0,0.0,0.0,0.0,0.0,0.0,0.0,0.0,0.0,0.0,0.0
43,80023.0,82.08333333333333,104.41666666666667,86.5,13.090273393664276,17.802965638256083,14.719394099570248,14291.625,13795.833333333334,13250.0,566540.5833333334,612962.8333333334,609735.0,2320.461277099708,2337.852105737791,2470.212424637143,6.177499999999999,13.311666666666667,18.779999999999998,90.67666666666666,78.06583333333334,69.86,15.935833333333335,17.195,17.814999999999998,557558.3333333334,590258.3333333334,608975.0,2815.9166666666665,2866.75,2908.75,1913.9166666666667,1869.1666666666667,1908.5,2812.1666666666665,2845.3333333333335,2901.0,0.0,0.0,0.0,0.0,0.0,0.0,0.0,0.0,0.0,0.0,0.0,0.0,0.0,0.0,0.0,0.0,0.0,0.0,0.0,0.0,0.0,0.0,0.0,0.0,1.0,0.0,0.0,0.0,0.0,0.0,0.0,0.0,0.0,0.0,0.0,0.0,0.0,0.0,0.0,1.0
44,80207.0,43.333333333333336,37.333333333333336,35.25,13.122019237646237,18.959220725688592,14.453509948666326,13054.166666666666,11329.625,11250.0,434284.47846220114,459722.7272727273,476587.5,2088.958428539757,1901.25,1985.0,1.0908333333333335,3.0833333333333335,5.2725,97.90500000000002,93.60083333333334,90.9675,15.536666666666667,16.622500000000002,17.9775,379991.6666666667,417758.3333333333,444450.0,2051.9166666666665,2094.1666666666665,2140.0,1469.0,1508.25,1538.5,2074.9166666666665,2114.75,2155.25,0.0,2.0,0.0,1.0,2.0,0.0,1.0,1.0,1.0,0.0,0.0,2.0,2.0,0.0,12.0,0.0,0.0,0.0,0.0,24.0,0.0,2.0,0.0,1.0,8.0,0.0,0.0,1.0,0.0,0.0,0.0,8.0,1.0,1.0,49.0,0.0,0.0,0.0,0.0,71.0
45,80238.0,60.833333333333336,50.833333333333336,69.0,10.456310190175692,13.816281922216481,10.950173109151038,10654.166666666666,11962.708333333334,11104.125,509620.75,569946.1666666666,550820.625,2377.9166666666665,2343.5416666666665,2491.625,7.591666666666666,4.800833333333333,7.3575,88.84333333333335,89.99666666666667,88.0325,16.588333333333335,18.349166666666665,19.28,525708.3333333334,555700.0,580200.0,2603.1666666666665,2583.75,2692.25,2107.5833333333335,2115.3333333333335,2162.25,2847.0,2812.0,2847.5,0.0,1.0,6.0,0.0,1.0,0.0,0.0,2.0,0.0,0.0,0.0,5.0,0.0,0.0,4.0,0.0,0.0,0.0,0.0,19.0,1.0,6.0,5.0,2.0,4.0,3.0,2.0,3.0,0.0,0.0,0.0,14.0,0.0,0.0,31.0,1.0,0.0,0.0,0.0,72.0
46,80403.0,76.0,62.833333333333336,60.0,11.801724257988758,12.385897012670286,10.598125448409023,20920.833333333332,19685.333333333332,20000.0,579275.0,598647.2916666666,641271.75,2354.852729491968,2511.6062695851233,2530.1535933082805,2.8008333333333337,5.711666666666667,10.594999999999999,94.72666666666669,90.2375,83.715,16.182499999999997,17.677500000000002,18.92,477016.6666666667,516850.0,537350.0,2389.6666666666665,2375.1666666666665,2357.5,1894.4166666666667,1970.9166666666667,2006.25,2468.1666666666665,2435.6666666666665,2416.25,0.0,0.0,0.0,0.0,1.0,0.0,0.0,0.0,0.0,0.0,0.0,0.0,0.0,0.0,0.0,0.0,1.0,0.0,0.0,2.0,0.0,0.0,0.0,0.0,0.0,0.0,0.0,0.0,0.0,0.0,0.0,0.0,0.0,0.0,0.0,0.0,1.0,0.0,0.0,1.0
47,80246.0,21.333333333333332,13.583333333333334,15.75,12.659759594011097,18.933066378175173,12.69997453599275,12829.313724624213,13201.760311944123,14201.984654756649,423983.28605401184,453033.63281010994,456391.4749848597,2016.3578274507315,2019.6194409004897,2086.5915308122644,4.383333333333334,5.190833333333333,8.96,93.36583333333333,91.81666666666666,86.5525,15.576666666666666,16.755000000000003,17.795,372233.3333333333,432383.3333333333,453850.0,2079.5,2140.0,2156.75,1345.6666666666667,1384.75,1366.25,2322.8333333333335,2309.0833333333335,2344.5,0.0,0.0,1.0,0.0,0.0,0.0,0.0,1.0,0.0,0.0,0.0,4.0,0.0,0.0,1.0,0.0,0.0,0.0,0.0,7.0,0.0,1.0,0.0,0.0,1.0,1.0,0.0,1.0,0.0,0.0,0.0,2.0,0.0,0.0,7.0,0.0,0.0,0.0,0.0,13.0
48,80465.0,56.916666666666664,41.166666666666664,36.5,11.844187547789042,13.283515505980247,10.775950850232284,23589.458333333332,18210.416666666668,16675.0,546820.8333333334,542710.375,524962.5,2002.6396510215345,1964.7493884380863,1992.6174466122022,2.6758333333333333,3.5608333333333335,3.885,95.09416666666668,93.53916666666665,93.66749999999999,14.574166666666665,15.913333333333334,16.637500000000003,361666.6666666667,394166.6666666667,421325.0,2100.0833333333335,2096.5833333333335,2157.25,1934.5,1933.0833333333333,1997.25,2109.5,2102.1666666666665,2164.5,0.0,0.0,0.0,0.0,0.0,0.0,0.0,0.0,0.0,0.0,0.0,0.0,0.0,0.0,0.0,0.0,0.0,0.0,0.0,0.0,0.0,0.0,0.0,0.0,0.0,0.0,0.0,0.0,0.0,0.0,0.0,0.0,0.0,0.0,0.0,0.0,1.0,0.0,0.0,1.0
49,80107.0,48.5,36.833333333333336,31.5,11.328732834922109,14.749814955348818,14.905527521296474,12383.333333333334,12075.75,15612.5,503747.8333333333,499554.1666666667,498712.5,2162.0138462978894,2045.9917044922931,2056.2234282007807,4.105833333333334,6.215833333333333,13.785,92.945,90.455,80.4375,13.683333333333332,13.783333333333331,15.2925,410500.0,446675.0,472250.0,2371.5833333333335,2626.6666666666665,2643.75,1591.8564540175566,1635.8880742159781,1656.436804953287,2365.9166666666665,2606.75,2621.0,0.0,0.0,0.0,0.0,0.0,0.0,0.0,0.0,0.0,0.0,0.0,1.0,0.0,0.0,0.0,0.0,0.0,0.0,0.0,1.0,0.0,0.0,0.0,0.0,0.0,0.0,0.0,0.0,0.0,0.0,0.0,0.0,0.0,0.0,0.0,0.0,0.0,0.0,0.0,0.0
50,80007.0,65.08333333333333,58.5,54.5,13.426929644947082,16.086981251314697,13.3422763918232,10266.75,11218.666666666666,12592.125,514502.8333333333,530777.0833333334,525425.0,2365.1458330466676,2394.6068703201477,2503.3536436716035,4.471666666666667,7.460833333333333,7.225,91.12583333333333,85.59083333333332,88.1175,16.560833333333335,17.9875,18.955,545466.6666666666,576608.3333333334,593750.0,2784.8333333333335,2787.5833333333335,2832.5,1966.6666666666667,2107.5833333333335,2086.5,2779.8333333333335,2781.0,2823.75,0.0,0.0,0.0,0.0,0.0,0.0,0.0,0.0,0.0,0.0,0.0,0.0,0.0,0.0,0.0,0.0,1.0,0.0,0.0,1.0,0.0,0.0,0.0,0.0,0.0,0.0,0.0,0.0,0.0,0.0,0.0,1.0,0.0,0.0,0.0,0.0,0.0,0.0,0.0,1.0
51,80433.0,54.25,44.416666666666664,45.75,12.298523373072747,17.12471208268798,15.53820480708255,16083.333333333334,20266.666666666668,20262.5,497945.8333333333,533020.125,511862.5,2065.873172237616,1937.7911329998715,1957.5821338444493,4.395833333333333,7.154166666666666,4.779999999999999,92.17666666666668,86.63499999999999,92.19500000000001,16.12666666666667,17.559166666666666,18.9225,422483.3333333333,447675.0,479425.0,2246.5833333333335,2196.6666666666665,2200.0,1667.0466398380481,1709.3589978301459,1719.623971055247,2238.5833333333335,2191.25,2194.5,0.0,0.0,0.0,0.0,0.0,0.0,0.0,0.0,0.0,0.0,0.0,1.0,0.0,0.0,0.0,0.0,0.0,0.0,0.0,1.0,0.0,0.0,0.0,0.0,0.0,0.0,0.0,0.0,0.0,0.0,0.0,0.0,0.0,0.0,0.0,0.0,0.0,0.0,0.0,0.0
52,80125.0,59.833333333333336,72.0,62.0,9.451382126808854,16.057088835059748,14.625659691668325,14685.833333333334,14306.25,16263.0,603237.5,613974.1666666666,605988.5,2113.751309772098,1878.528305031023,1880.1942408000218,2.896666666666667,3.6516666666666673,2.5500000000000003,94.93833333333332,91.21916666666668,95.4125,14.334166666666667,15.814166666666665,16.4475,411250.0,436266.6666666667,457450.0,2380.5,2390.3333333333335,2407.5,2129.5833333333335,2172.25,2165.0,2393.1666666666665,2387.9166666666665,2416.0,0.0,0.0,0.0,0.0,0.0,0.0,0.0,0.0,0.0,0.0,0.0,0.0,0.0,0.0,0.0,0.0,0.0,0.0,0.0,0.0,0.0,0.0,0.0,0.0,0.0,0.0,0.0,0.0,0.0,0.0,0.0,0.0,0.0,0.0,0.0,0.0,0.0,0.0,1.0,1.0
53,80102.0,13.166666666666666,15.5,11.75,12.071908522705499,15.705688578442297,15.444225671077989,12794.4301175609,10941.036490932473,9844.005497437369,398138.14822557836,452418.36596395576,454077.6929153877,1687.846571147986,1643.3743673837696,1670.5460099192087,2.704166666666667,5.625,8.6175,95.77833333333335,90.10583333333334,86.9075,14.256666666666666,15.131666666666666,15.58,341450.0,384166.6666666667,421525.0,2047.0833333333333,2141.6666666666665,2124.0,1375.7205186981337,1402.200254533525,1447.570855141192,2054.6666666666665,2129.5833333333335,2108.75,0.0,0.0,0.0,0.0,0.0,0.0,0.0,0.0,0.0,0.0,0.0,3.0,0.0,0.0,0.0,0.0,0.0,0.0,0.0,3.0,0.0,0.0,0.0,0.0,0.0,0.0,0.0,0.0,0.0,0.0,0.0,0.0,0.0,0.0,0.0,0.0,0.0,0.0,0.0,0.0
54,80116.0,28.5,23.583333333333332,22.25,13.151916112164974,17.03281958894392,13.468175469857638,22636.240901650268,15829.938458237739,15841.795783793714,709008.8902278641,484049.53553284635,489505.57985942607,2037.9721541701415,2193.8073421700674,2123.4075579273217,4.809166666666667,6.255833333333335,2.0725,90.49916666666665,87.20833333333333,96.16749999999999,15.88833333333333,17.455,18.4975,565091.6666666666,601783.3333333334,627775.0,2914.0,2850.5,2890.25,1893.6924266062638,1900.7657989299094,1920.3735537151351,2912.5,2841.4166666666665,2869.75,0.0,0.0,0.0,0.0,0.0,0.0,0.0,0.0,0.0,0.0,0.0,0.0,0.0,0.0,0.0,0.0,0.0,0.0,0.0,0.0,0.0,0.0,0.0,0.0,0.0,0.0,0.0,0.0,0.0,0.0,0.0,0.0,0.0,0.0,0.0,0.0,0.0,0.0,1.0,1.0
55,80456.0,33.916666666666664,27.333333333333332,26.25,7.565125650092232,12.132643967173545,10.132718892798588,7081.582820587448,6828.250579759679,7647.389995467733,225192.39239809944,453482.3301572697,454759.94560458174,1511.7133878310574,1552.3270656481402,1588.1617768992023,12.4675,7.4725,16.4475,82.3975,89.31666666666666,79.845,11.760833333333332,13.190000000000003,14.025,203850.0,231133.33333333334,250100.0,1371.0833333333333,1434.3333333333333,1495.5,1602.2049366345664,1615.8661730885458,1645.1628093402987,1373.25,1434.0,1496.75,0.0,0.0,0.0,0.0,0.0,0.0,0.0,0.0,0.0,0.0,0.0,0.0,0.0,0.0,0.0,0.0,0.0,0.0,0.0,0.0,0.0,0.0,0.0,0.0,0.0,0.0,0.0,0.0,0.0,0.0,0.0,0.0,0.0,0.0,0.0,0.0,1.0,0.0,0.0,1.0
56,80013.0,20.654297506851808,14.607862062229326,17.614515670423057,6.257965783579645,9.114536502017037,7.201628090044845,7830.375,8984.583333333334,12000.0,302617.2083333333,316325.0,332212.5,1742.0833333333333,1836.4583333333333,1900.625,0.22916666666666666,0.2675,0.19,99.56,99.13333333333334,99.495,12.71,13.832500000000001,14.705,281866.6666666667,309733.3333333333,333225.0,1841.5833333333333,1845.8333333333333,1902.25,1433.5833333333333,1478.4166666666667,1523.75,1890.3333333333333,1889.8333333333333,1943.75,0.0,0.0,0.0,0.0,1.0,0.0,0.0,0.0,0.0,0.0,0.0,2.0,0.0,0.0,0.0,0.0,0.0,0.0,0.0,3.0,0.0,0.0,0.0,0.0,3.0,0.0,0.0,0.0,0.0,0.0,0.0,5.0,0.0,0.0,0.0,0.0,0.0,0.0,0.0,8.0
57,80012.0,20.51443754335841,14.50622569091892,17.561295869027916,4.989745894323707,10.551128340855199,8.530358440072234,9163.605031225865,7571.721947411875,11243.816679458434,238766.66666666666,240975.54166666666,241225.0,1418.75,1469.375,1578.125,0.6124999999999999,0.48583333333333334,0.5125000000000001,99.05749999999999,99.04583333333335,99.0775,11.894166666666669,12.842499999999996,13.6675,250583.33333333334,275166.6666666667,298375.0,1725.6666666666667,1775.0833333333333,1818.25,1356.1666666666667,1396.1666666666667,1458.5,1838.25,1854.1666666666667,1920.75,0.0,0.0,0.0,0.0,0.0,0.0,0.0,0.0,0.0,0.0,0.0,1.0,0.0,0.0,0.0,0.0,1.0,0.0,0.0,2.0,0.0,0.0,0.0,0.0,0.0,0.0,0.0,0.0,0.0,0.0,0.0,1.0,0.0,0.0,0.0,0.0,0.0,0.0,0.0,1.0
58,80233.0,20.806731992999087,14.709601891269324,17.667239234195446,5.190357874311758,8.349979431574079,6.45262001551965,10546.944087190706,9294.390139415327,17204.060650230724,280854.1666666667,307937.5,321250.0,1659.7745543314054,1895.4545454545455,1917.5,0.3733333333333333,0.7641666666666665,0.8875,99.3625,98.1275,97.56500000000001,12.625,13.519999999999998,14.215,270858.3333333333,297033.3333333333,317225.0,1771.6666666666667,1811.9166666666667,1866.0,1576.6666666666667,1631.0833333333333,1695.75,1786.4166666666667,1823.6666666666667,1880.5,0.0,0.0,0.0,0.0,0.0,0.0,0.0,0.0,0.0,0.0,0.0,1.0,0.0,0.0,0.0,0.0,0.0,0.0,0.0,1.0,0.0,0.0,0.0,0.0,1.0,0.0,0.0,0.0,0.0,0.0,0.0,3.0,0.0,0.0,0.0,0.0,0.0,0.0,0.0,4.0
59,80011.0,21.17817901597364,15.140107762748503,17.958099249021007,4.687813542216621,8.52107142360313,7.553496084820857,8755.221867902179,7476.153332158758,9837.874060559,238049.95833333334,270245.7916666667,286775.0,1492.449708536004,1665.8333333333333,1733.75,0.9591666666666666,0.9808333333333334,1.5,98.64750000000002,98.37583333333333,97.48999999999998,11.715000000000002,12.718333333333334,13.705,237150.0,265850.0,286750.0,1658.4166666666667,1716.5833333333333,1746.25,1402.1666666666667,1432.4166666666667,1486.5,1686.5,1740.9166666666667,1778.5,0.0,0.0,0.0,0.0,0.0,0.0,0.0,0.0,0.0,0.0,0.0,0.0,0.0,0.0,0.0,0.0,0.0,0.0,2.0,2.0,0.0,0.0,0.0,0.0,0.0,0.0,0.0,0.0,0.0,0.0,0.0,1.0,0.0,0.0,0.0,0.0,1.0,0.0,0.0,2.0
60,80022.0,20.507647342065045,14.53416310001454,17.60296200208786,8.089380122296637,13.831161844982397,11.572561543573741,7837.5,7883.375,10000.0,329706.25,350874.1666666667,376109.375,1652.733539829296,2021.590909090909,2036.875,0.8733333333333334,2.8575,2.4825,98.5225,94.17250000000001,95.215,12.11,13.0625,14.009999999999998,250900.0,279116.6666666667,298475.0,1675.0833333333333,1728.25,1765.0,1565.0833333333333,1628.6666666666667,1663.5,1718.5,1765.3333333333333,1800.75,0.0,0.0,0.0,0.0,1.0,0.0,0.0,0.0,0.0,0.0,0.0,3.0,0.0,0.0,0.0,0.0,0.0,0.0,5.0,9.0,0.0,0.0,0.0,0.0,1.0,0.0,0.0,0.0,0.0,0.0,0.0,5.0,0.0,0.0,0.0,0.0,0.0,0.0,0.0,6.0
61,80021.0,20.58678515801781,14.585831756256937,17.622762350789262,6.826302725771089,13.17767686647192,11.408986939854763,10649.405196476086,9782.135491967161,6601.376296774779,324141.6666666667,361362.5,371150.0,1824.848055953211,1953.75,1922.5,1.759166666666667,2.0100000000000002,1.3475,97.05499999999999,95.84583333333335,96.75,13.589166666666666,14.665000000000001,15.907499999999999,318350.0,347916.6666666667,368075.0,1953.9166666666667,1966.3333333333333,1979.25,1589.3333333333333,1627.0,1676.5,1978.3333333333333,1982.75,2001.0,0.0,0.0,0.0,0.0,0.0,0.0,0.0,0.0,0.0,0.0,0.0,1.0,0.0,0.0,0.0,0.0,0.0,0.0,0.0,1.0,0.0,0.0,0.0,0.0,2.0,0.0,0.0,0.0,0.0,0.0,0.0,1.0,0.0,0.0,0.0,0.0,0.0,0.0,0.0,3.0
62,80203.0,21.333011900976913,15.360318806596744,18.266031740347497,10.335681608731905,17.351946039884776,11.921967266278461,10254.25,10490.541666666666,11237.5,338966.4583333333,380272.5,368450.0,1623.75,1631.4583333333333,1721.25,4.323333333333332,5.0325,4.445,93.13,91.06416666666667,92.11,13.834166666666668,15.255,16.155,285408.3333333333,311091.6666666667,327150.0,1730.5,1732.8333333333333,1759.25,1589.4166666666667,1558.3333333333333,1564.5,2468.0,2405.0833333333335,2394.0,1.0,1.0,2.0,1.0,1.0,0.0,0.0,3.0,0.0,1.0,1.0,4.0,0.0,0.0,17.0,7.0,0.0,0.0,0.0,39.0,1.0,1.0,10.0,1.0,1.0,0.0,1.0,4.0,0.0,3.0,2.0,8.0,0.0,2.0,63.0,3.0,0.0,6.0,0.0,106.0
63,80128.0,20.876335074005173,14.829567160507272,17.847786089110567,9.075510310645479,11.970625597190486,9.23717860482169,10883.333333333334,9685.375,11881.25,363404.1666666667,365210.5416666667,374087.5,1800.4222254321583,1679.75,1662.5,1.2716666666666665,1.6224999999999998,1.8575000000000002,97.31583333333333,96.49916666666665,96.24,14.189999999999998,15.354166666666664,15.905,349825.0,375425.0,397150.0,2048.5833333333335,2037.5833333333333,2091.5,1530.4166666666667,1550.1666666666667,1599.25,2160.8333333333335,2108.1666666666665,2160.0,0.0,0.0,0.0,0.0,1.0,0.0,0.0,0.0,0.0,0.0,0.0,0.0,0.0,0.0,0.0,0.0,0.0,0.0,0.0,1.0,0.0,0.0,0.0,0.0,0.0,0.0,0.0,0.0,0.0,0.0,0.0,0.0,0.0,0.0,0.0,0.0,0.0,0.0,0.0,0.0
64,80226.0,20.61745150917952,14.606859195158771,17.63960861047231,9.282142470692646,13.538088584277508,12.9141723092071,11147.9789649772,10265.519521024422,7616.657125360579,341636.4583333333,359525.875,371962.5,1845.5881044146877,1721.75,1759.375,1.3541666666666667,1.5991666666666668,1.5274999999999999,97.61333333333333,96.58833333333335,97.11999999999999,14.095833333333337,15.22,16.277500000000003,322750.0,356616.6666666667,380050.0,1917.3333333333333,1930.9166666666667,1960.25,1571.1666666666667,1605.9166666666667,1672.5,1959.25,1965.0833333333333,2001.75,0.0,0.0,0.0,0.0,0.0,0.0,0.0,0.0,0.0,0.0,0.0,3.0,0.0,0.0,0.0,0.0,0.0,0.0,0.0,3.0,0.0,0.0,0.0,0.0,0.0,0.0,0.0,0.0,0.0,0.0,0.0,4.0,0.0,0.0,0.0,0.0,0.0,0.0,0.0,4.0
65,80003.0,20.55320874098278,14.561956665057412,17.612811239628172,7.262623975848455,11.824445782060197,12.959466451086513,11045.850224707747,10025.889775140326,7143.1372487712715,314929.1666666667,349391.6666666667,366787.5,1744.399833266989,1914.6317334159728,1928.302172073097,0.41,0.6591666666666667,1.6150000000000002,99.20666666666666,98.59833333333334,97.14750000000001,13.524999999999999,14.494166666666667,15.559999999999999,303750.0,338025.0,361575.0,1838.0833333333333,1917.0833333333333,1934.25,1429.4166666666667,1463.5833333333333,1503.75,1873.0,1932.1666666666667,1954.0,0.0,0.0,0.0,0.0,0.0,0.0,0.0,0.0,0.0,0.0,0.0,0.0,0.0,0.0,0.0,0.0,0.0,0.0,1.0,1.0,0.0,0.0,0.0,0.0,0.0,0.0,0.0,0.0,0.0,0.0,0.0,0.0,0.0,0.0,0.0,0.0,0.0,0.0,0.0,0.0
66,80017.0,20.87991893452138,14.861128019529518,17.775416329790463,4.6312604368702575,9.172691328350265,6.29563508994603,9090.230774271702,7636.253884637605,10885.49282709402,239033.25,268912.5,278504.5,1454.375,1587.2916666666667,1598.75,0.17916666666666672,0.6141666666666666,1.065,99.64999999999999,99.08083333333333,98.52,11.965833333333334,13.125,13.985,247933.33333333334,277875.0,299300.0,1707.1666666666667,1757.0,1773.75,1379.4166666666667,1390.9166666666667,1464.75,1772.1666666666667,1807.5,1837.0,0.0,0.0,0.0,0.0,0.0,0.0,0.0,0.0,0.0,0.0,0.0,0.0,0.0,0.0,0.0,0.0,0.0,0.0,1.0,1.0,0.0,0.0,0.0,0.0,0.0,0.0,0.0,0.0,0.0,0.0,0.0,1.0,0.0,0.0,0.0,0.0,0.0,0.0,0.0,1.0
67,80010.0,20.457131420725453,14.45757044992601,17.523156807839307,6.10779408456828,9.573821208501137,8.495634732207039,8962.910011089563,7493.967675614623,10802.51570593569,237176.04166666666,270936.6666666667,308600.0,1488.612941363244,1637.7083333333333,1721.25,0.5208333333333334,1.1991666666666667,1.2425,99.22499999999998,97.72333333333334,97.88499999999999,11.635833333333332,12.598333333333331,13.6325,218716.66666666666,250600.0,271400.0,1557.25,1629.8333333333333,1656.75,1420.5833333333333,1446.0833333333333,1479.5,1559.0833333333333,1631.5,1658.75,0.0,0.0,0.0,0.0,1.0,0.0,0.0,0.0,0.0,0.0,0.0,0.0,0.0,0.0,0.0,0.0,0.0,0.0,0.0,1.0,0.0,0.0,0.0,0.0,0.0,0.0,0.0,0.0,0.0,0.0,1.0,2.0,0.0,0.0,0.0,0.0,0.0,0.0,0.0,3.0
68,80260.0,29.51789203077998,29.320298753577177,31.14783032085313,3.818642754394073,8.336698151949115,7.937568389507173,8931.731378781604,9580.89165159008,11215.116816366597,296594.10151997796,453133.3290954747,454451.74047078885,1485.2522339399325,1859.4269496544555,1864.4708254379113,0.6691666666666668,0.7933333333333333,0.9099999999999999,98.6925,98.61500000000001,98.3775,12.025833333333333,13.071666666666667,13.8275,253058.33333333334,285966.6666666667,308275.0,1664.3333333333333,1725.75,1788.75,1431.8333333333333,1475.5,1507.0,1751.25,1811.6666666666667,1876.25,0.0,0.0,0.0,0.0,0.0,0.0,0.0,0.0,0.0,0.0,0.0,0.0,0.0,0.0,0.0,0.0,0.0,0.0,0.0,0.0,0.0,0.0,0.0,0.0,0.0,0.0,0.0,0.0,0.0,0.0,0.0,3.0,0.0,0.0,0.0,0.0,0.0,0.0,0.0,3.0
69,80122.0,23.819277914028962,18.26978949121445,20.557569252779533,11.025431915329236,13.704835557423342,16.193494628985725,12945.833333333334,10629.125,10000.0,421622.9166666667,430100.0,455825.0,2069.5840505815454,1975.8333333333333,2025.0,1.816666666666667,5.260833333333334,4.24,96.37916666666666,88.67583333333333,91.65,14.7575,15.856666666666667,16.787499999999998,392041.6666666667,424116.6666666667,442550.0,2223.4166666666665,2232.8333333333335,2277.25,1715.5,1756.1666666666667,1765.0,2360.5833333333335,2365.3333333333335,2348.5,0.0,0.0,0.0,0.0,0.0,0.0,0.0,0.0,0.0,0.0,0.0,2.0,0.0,0.0,0.0,0.0,1.0,0.0,0.0,3.0,0.0,0.0,0.0,0.0,1.0,0.0,0.0,0.0,0.0,0.0,1.0,1.0,0.0,0.0,0.0,0.0,0.0,0.0,0.0,3.0
70,80214.0,20.788480318784888,14.730289554165118,17.767294745619875,8.096182226113159,13.421034433449643,13.16698449974135,11646.481918920881,10169.02234047754,10791.788049572982,376745.8333333333,374482.4166666667,386375.0,1823.47814155415,1700.0,1849.375,1.115,1.9691666666666665,2.5825,98.15916666666668,96.16666666666667,95.3525,14.382499999999999,15.293333333333331,16.634999999999998,317741.6666666667,355450.0,379775.0,1804.9166666666667,1877.25,1889.25,1320.9166666666667,1341.5833333333333,1390.0,1856.4166666666667,1921.25,1934.0,0.0,0.0,0.0,0.0,0.0,0.0,0.0,0.0,0.0,0.0,1.0,0.0,0.0,0.0,0.0,0.0,0.0,0.0,0.0,1.0,0.0,0.0,0.0,0.0,0.0,0.0,0.0,0.0,0.0,0.0,0.0,0.0,0.0,0.0,0.0,0.0,2.0,0.0,0.0,2.0
71,80033.0,20.005937328200925,14.733673846202322,17.16397696012821,12.294614700744013,15.76824547941257,15.829404190167152,12224.291666666666,10570.833333333334,9412.5,390808.3333333333,408933.3333333333,424200.0,1697.8883799892183,1615.4545454545455,1646.875,1.2316666666666667,1.5283333333333335,2.285,97.72250000000001,96.91166666666668,95.69,14.808333333333332,16.126666666666665,17.6775,341191.6666666667,385183.3333333333,416450.0,1899.6666666666667,1950.5833333333333,1924.0,1323.6666666666667,1349.6666666666667,1392.25,1936.75,1975.3333333333333,1947.0,0.0,0.0,0.0,0.0,0.0,0.0,0.0,0.0,0.0,0.0,1.0,0.0,0.0,0.0,0.0,0.0,1.0,0.0,0.0,2.0,0.0,0.0,0.0,0.0,0.0,0.0,0.0,0.0,0.0,0.0,0.0,2.0,0.0,0.0,0.0,0.0,2.0,0.0,0.0,4.0
72,80239.0,20.92040241278037,14.943146268586984,17.788510368952814,4.61756679400512,9.340641417086362,3.9003431444787724,9544.05469861689,7919.981280246649,12477.879337439912,249683.33333333334,284004.0833333333,300125.0,1523.5174307635043,1840.2777777777778,1834.375,0.7516666666666666,0.44749999999999995,0.5874999999999999,98.90333333333332,99.19833333333334,98.90500000000002,11.413333333333334,12.535833333333334,13.405,243416.66666666666,272433.3333333333,291475.0,1766.75,1822.9166666666667,1871.5,1613.3333333333333,1669.3333333333333,1707.25,1775.8333333333333,1830.0,1885.0,0.0,2.0,0.0,0.0,3.0,0.0,0.0,0.0,1.0,0.0,0.0,18.0,15.0,0.0,1.0,0.0,0.0,0.0,1.0,41.0,0.0,3.0,3.0,0.0,5.0,0.0,0.0,0.0,0.0,0.0,0.0,2.0,13.0,0.0,5.0,0.0,0.0,0.0,0.0,31.0
73,80241.0,20.619320001954975,14.619662148849747,17.647065561415385,8.308696035240589,11.568699608849919,8.122387743024165,10198.083333333334,9396.375,6075.0,331349.6666666667,355290.4166666667,371333.25,1829.8502032861174,1915.0,1925.625,0.44333333333333336,1.255,1.98,99.10166666666667,96.52666666666666,93.985,13.428333333333333,14.435,15.065,319866.6666666667,350691.6666666667,366050.0,1945.1666666666667,1973.5,2008.0,1579.0833333333333,1640.8333333333333,1678.25,2030.5833333333333,2052.9166666666665,2101.5,0.0,0.0,0.0,0.0,0.0,0.0,0.0,0.0,0.0,0.0,0.0,0.0,0.0,0.0,0.0,0.0,0.0,0.0,1.0,1.0,0.0,0.0,0.0,0.0,1.0,0.0,0.0,0.0,0.0,0.0,0.0,0.0,0.0,0.0,1.0,0.0,0.0,0.0,0.0,2.0
74,80234.0,20.736170145527854,14.741743360642493,17.734672334123882,9.734252945606327,12.351983169885125,11.39299993725822,12729.208333333334,11437.5,8100.0,337739.5833333333,361933.3333333333,388600.0,1832.957505129745,1828.25,1945.625,1.5508333333333333,2.8616666666666664,4.385,97.30666666666667,94.61416666666666,92.3875,13.444166666666668,14.583333333333334,15.235,314383.3333333333,345016.6666666667,362525.0,1902.0,1947.0,1990.0,1571.8333333333333,1614.0,1662.25,2102.8333333333335,2084.25,2120.25,0.0,0.0,0.0,0.0,0.0,0.0,0.0,0.0,0.0,0.0,0.0,0.0,0.0,0.0,0.0,0.0,0.0,0.0,0.0,0.0,0.0,0.0,0.0,0.0,0.0,0.0,0.0,0.0,0.0,0.0,0.0,1.0,0.0,0.0,0.0,0.0,0.0,0.0,0.0,1.0
75,80130.0,23.280861141617034,16.53786017461603,19.257072295402303,12.53970029464004,15.975314141354053,9.92535009666812,10016.583333333334,10758.333333333334,10000.0,450016.6666666667,459075.0,479076.375,2321.875,2325.4166666666665,2366.625,1.1158333333333335,2.716666666666667,0.255,95.95083333333334,91.80333333333333,99.155,14.464999999999998,15.644166666666669,16.634999999999998,420508.3333333333,449116.6666666667,467550.0,2406.8333333333335,2402.5833333333335,2416.25,2122.25,2125.8333333333335,2161.25,2436.6666666666665,2431.5833333333335,2449.0,0.0,0.0,0.0,0.0,0.0,0.0,0.0,0.0,0.0,0.0,0.0,0.0,0.0,0.0,0.0,0.0,0.0,0.0,0.0,0.0,0.0,0.0,0.0,0.0,1.0,0.0,0.0,0.0,0.0,0.0,0.0,1.0,0.0,0.0,0.0,0.0,0.0,0.0,0.0,2.0
76,80110.0,20.53696050297034,14.542403479018082,17.600031945476484,9.636277828203228,12.480955616808474,7.170838238538167,10466.683997704296,9390.230143472496,8625.643946183241,310187.5,344520.75,397624.875,1723.909525734757,1842.9813982496626,1959.2197378435055,0.8116666666666666,2.36,2.915,98.74583333333334,95.48666666666668,94.735,13.611666666666666,14.576666666666668,15.6225,292766.6666666667,325233.3333333333,346450.0,1777.6666666666667,1828.0833333333333,1823.25,1542.5,1571.6666666666667,1603.0,1797.5,1847.8333333333333,1841.0,0.0,0.0,0.0,1.0,0.0,0.0,0.0,0.0,0.0,0.0,0.0,0.0,0.0,0.0,0.0,0.0,0.0,0.0,3.0,4.0,0.0,0.0,0.0,0.0,0.0,0.0,0.0,0.0,0.0,0.0,0.0,0.0,0.0,0.0,0.0,0.0,1.0,0.0,0.0,1.0
77,80215.0,28.78030772298104,27.650289227718496,29.580781591582646,12.35796807209987,15.998103206200442,14.949937717358916,16683.333333333332,13089.625,11875.0,500433.2402693477,453890.0240021208,455316.1731580344,2162.7060247622576,2130.406169488748,2250.2603660412724,1.6125,2.205,2.3375000000000004,96.96,95.29666666666667,95.2925,15.695,17.3525,19.302500000000002,400841.6666666667,437758.3333333333,464600.0,2120.0,2085.0,2037.5,1425.1666666666667,1502.75,1513.0,2172.5,2117.25,2074.75,0.0,0.0,0.0,0.0,0.0,0.0,0.0,0.0,0.0,0.0,0.0,0.0,0.0,0.0,0.0,0.0,1.0,0.0,0.0,1.0,0.0,0.0,0.0,0.0,0.0,0.0,0.0,0.0,0.0,0.0,1.0,1.0,0.0,0.0,0.0,0.0,0.0,0.0,0.0,2.0
78,80232.0,20.549624195291297,14.551891467316867,17.597627122478414,8.992638190587504,14.453078572026229,10.413222216627492,10563.350685069914,9680.05728335425,6445.540634184058,330030.0,348579.5833333333,374361.125,1821.4513803103089,1914.929674748897,1927.0446976485553,0.7100000000000001,0.8800000000000002,0.795,98.70666666666665,98.03333333333335,98.2675,13.716666666666667,14.6975,15.635000000000002,316658.3333333333,347291.6666666667,367150.0,1922.1666666666667,1934.5833333333333,1972.0,1496.75,1558.0833333333333,1608.75,1949.4166666666667,1958.5,2000.75,0.0,0.0,0.0,0.0,0.0,0.0,0.0,0.0,0.0,0.0,0.0,1.0,0.0,0.0,0.0,0.0,0.0,0.0,0.0,1.0,0.0,0.0,0.0,0.0,0.0,0.0,0.0,0.0,0.0,0.0,0.0,0.0,0.0,0.0,0.0,0.0,0.0,0.0,0.0,0.0
79,80224.0,20.982897827039128,14.561780929678875,17.376096714974953,12.725054302580793,19.80117741825047,12.679385038157097,12672.875,13375.0,14500.0,421954.1666666667,441729.125,471242.5,2090.3623647191125,1886.7212670547183,1934.639363555123,1.9800000000000002,2.6575,4.952500000000001,96.14666666666666,94.54083333333334,91.66250000000001,15.209999999999996,16.470833333333328,17.7975,375233.3333333333,429766.6666666667,455750.0,2080.3333333333335,2152.8333333333335,2170.5,1509.4166666666667,1555.3333333333333,1575.5,2264.3333333333335,2278.4166666666665,2292.5,0.0,0.0,1.0,0.0,0.0,1.0,0.0,0.0,0.0,0.0,0.0,2.0,0.0,0.0,0.0,1.0,0.0,0.0,0.0,5.0,0.0,1.0,3.0,2.0,1.0,0.0,0.0,0.0,0.0,0.0,0.0,4.0,0.0,0.0,9.0,2.0,0.0,0.0,1.0,23.0
80,80002.0,20.560928739986696,14.559932855183643,17.603999130187624,9.226175125744467,11.240520083587187,8.7779152336295,12015.255059593119,10937.443631094056,9277.772462530049,338278.125,387537.5,395375.0,1821.4981303836123,1904.7141417545486,1968.1047212360188,0.9816666666666666,1.4758333333333333,1.875,98.23416666666667,96.63999999999999,96.5175,13.881666666666666,14.682499999999997,16.0975,300708.3333333333,338600.0,370025.0,1782.8333333333333,1873.0,1893.75,1625.5,1698.0833333333333,1753.0,1834.75,1917.6666666666667,1933.25,0.0,0.0,0.0,0.0,0.0,0.0,0.0,0.0,0.0,0.0,0.0,1.0,0.0,0.0,0.0,0.0,0.0,0.0,2.0,3.0,0.0,0.0,0.0,0.0,0.0,0.0,0.0,0.0,0.0,0.0,0.0,1.0,0.0,0.0,0.0,0.0,1.0,0.0,0.0,2.0
81,80421.0,20.467986506010458,14.471466940725184,17.54234566871724,11.288316122006705,12.047459344397742,8.377577221907664,9917.376520250391,9242.184131337252,9524.839435297892,380445.45454545453,361552.0833333333,389124.5,1695.564441006536,1852.2747018682637,1983.2144014888074,3.2883333333333336,2.9283333333333332,5.92,94.82666666666665,95.30499999999999,91.17,13.451666666666666,14.318333333333333,15.8475,265391.6666666667,307666.6666666667,337575.0,1713.75,1824.75,1802.0,1575.6668137771485,1605.8288676469328,1636.4008759708881,1708.75,1817.0,1798.25,0.0,0.0,0.0,0.0,0.0,0.0,0.0,0.0,0.0,0.0,0.0,0.0,0.0,0.0,0.0,0.0,1.0,0.0,0.0,1.0,0.0,0.0,0.0,0.0,0.0,0.0,0.0,0.0,0.0,0.0,0.0,0.0,0.0,0.0,0.0,0.0,0.0,0.0,0.0,0.0
82,80030.0,20.652586013103804,14.656563887841706,17.651080996090215,4.062319093321138,8.734304562419586,8.116655657074856,10340.415772526314,8737.950726891462,16101.638997829656,264011.4774729725,299988.8888888889,317375.0,1558.1442599656298,1783.5350006681126,1880.4729680536266,0.9100000000000003,1.0866666666666667,2.4475000000000002,98.66333333333336,97.745,96.0825,12.380833333333333,12.989166666666664,14.135,255583.33333333334,281866.6666666667,306375.0,1648.4166666666667,1730.25,1768.0,1520.3333333333333,1580.1666666666667,1623.5,1657.25,1745.4166666666667,1785.0,0.0,0.0,0.0,0.0,1.0,0.0,0.0,0.0,0.0,0.0,0.0,0.0,0.0,0.0,0.0,0.0,0.0,0.0,0.0,1.0,0.0,0.0,0.0,0.0,0.0,0.0,0.0,0.0,0.0,0.0,0.0,1.0,0.0,0.0,0.0,0.0,0.0,0.0,0.0,1.0
83,80236.0,20.518549592544066,14.518716538010082,17.57393358258678,8.206370245206976,13.372602937875774,10.12633131670615,10985.183175465787,10006.13482650744,6884.523368809848,318425.0,347733.3333333333,379750.0,1821.2432583338577,1916.1333584399572,1927.8981074225744,0.7366666666666667,2.1783333333333332,2.3975,98.71166666666666,96.5525,96.615,13.681666666666665,14.346666666666666,15.309999999999999,318583.3333333333,345016.6666666667,371100.0,1900.0833333333333,1962.5,2089.0,1457.5833333333333,1458.5833333333333,1430.75,1918.8333333333333,1986.8333333333333,2112.0,0.0,0.0,0.0,0.0,0.0,0.0,0.0,0.0,0.0,0.0,0.0,2.0,0.0,0.0,0.0,0.0,0.0,0.0,0.0,2.0,0.0,1.0,0.0,1.0,0.0,0.0,0.0,0.0,0.0,0.0,0.0,2.0,0.0,0.0,6.0,0.0,0.0,0.0,0.0,10.0
84,80230.0,23.365516874084616,17.256504060707393,19.374426412537762,13.171396847427351,16.56574834108879,12.781818203684525,27163.773494959936,17180.273298985565,17307.138728409103,726622.5,753490.75,794875.5,2028.5492309349286,2190.8513646545657,2115.0692548516104,5.425833333333334,8.525833333333333,16.4,89.09916666666668,86.01833333333332,76.775,16.895,19.206666666666667,20.375,557675.0,597966.6666666666,624425.0,2786.75,2702.3333333333335,2746.5,1929.1666666666667,1942.75,1955.75,3158.3333333333335,2968.5,2946.0,0.0,1.0,1.0,1.0,1.0,0.0,0.0,1.0,0.0,0.0,0.0,3.0,0.0,0.0,2.0,0.0,0.0,0.0,0.0,10.0,0.0,2.0,1.0,0.0,0.0,0.0,0.0,0.0,0.0,0.0,0.0,4.0,0.0,0.0,4.0,0.0,0.0,0.0,0.0,11.0
85,80640.0,20.45558384855161,14.451475230792978,17.52222124218212,8.076151809907614,12.53190243351793,10.817393255256128,10268.194272804893,9230.201429851893,12848.945399965341,311187.5,330152.0833333333,325631.25,1745.5460557187646,1901.9821965627002,1916.3439395870944,0.6441666666666667,2.494166666666667,2.6774999999999998,98.74666666666667,95.02833333333332,95.36999999999999,13.109166666666667,14.058333333333332,14.774999999999999,315058.3333333333,342300.0,362300.0,1983.75,2007.1666666666667,2022.75,1566.5833333333333,1604.9166666666667,1670.25,2011.4166666666667,2026.8333333333333,2067.25,0.0,0.0,0.0,0.0,0.0,0.0,0.0,0.0,0.0,0.0,0.0,1.0,0.0,0.0,0.0,0.0,0.0,0.0,2.0,3.0,0.0,0.0,0.0,0.0,0.0,0.0,0.0,0.0,0.0,0.0,0.0,0.0,0.0,0.0,0.0,0.0,1.0,0.0,0.0,1.0
86,80223.0,29.61139419925799,29.475889668702607,31.290840861603446,8.130068565738707,11.153881055772802,7.998812398568991,10028.237020597413,10161.010120513361,14220.15885366089,314694.2167655405,453636.98542622826,454893.6547636466,1651.0666706334573,1856.7272727272727,2000.0,1.948333333333333,2.5141666666666667,2.7299999999999995,97.04166666666667,95.76416666666667,95.5975,12.588333333333333,13.676666666666668,14.7,256691.66666666666,298641.6666666667,324900.0,1753.1666666666667,1787.6666666666667,1844.75,1760.25,1766.1666666666667,1800.5,1753.6666666666667,1788.0,1843.5,1.0,0.0,1.0,3.0,3.0,0.0,0.0,1.0,1.0,0.0,2.0,7.0,21.0,1.0,15.0,0.0,0.0,0.0,1.0,57.0,0.0,0.0,1.0,1.0,3.0,1.0,0.0,1.0,0.0,0.0,0.0,5.0,5.0,2.0,57.0,0.0,0.0,0.0,0.0,76.0
87,80216.0,28.275723142940382,27.28484958269219,29.28307022010811,6.219065437354346,9.679571812366529,8.428131371114995,7718.55734497665,7180.9388914642195,8576.671840792535,237645.3110687332,453576.8455442783,454848.0441509676,1475.8733330672294,1633.6400745746785,1701.9881102302472,5.358333333333333,1.9150000000000003,4.5600000000000005,93.30166666666666,97.19500000000001,93.0975,10.589166666666666,12.385833333333332,13.302500000000002,206358.33333333334,242966.66666666666,262050.0,1639.75,1647.0833333333333,1683.5,1694.9166666666667,1706.0,1735.25,1634.0833333333333,1641.4166666666667,1674.25,0.0,2.0,4.0,1.0,2.0,2.0,1.0,2.0,3.0,0.0,0.0,7.0,14.0,0.0,0.0,0.0,0.0,0.0,8.0,46.0,0.0,1.0,3.0,0.0,3.0,1.0,0.0,3.0,1.0,0.0,1.0,8.0,5.0,0.0,4.0,0.0,0.0,0.0,0.0,30.0
88,80235.0,28.551798596484222,27.608686753826362,29.516373107912507,9.515435859617106,12.707718069982983,8.897608511687324,11607.229310477034,10377.75507884027,9586.589322777061,373578.5032295738,452216.63091021136,453983.3539252265,1818.0428438413337,1848.5415628081732,1959.8235215018665,3.9708333333333337,4.5041666666666655,4.205,94.03916666666665,93.36416666666668,94.85,13.039166666666667,14.323333333333332,15.13,294991.6666666667,329041.6666666667,355775.0,1832.0,1880.0833333333333,1915.75,1329.9166666666667,1328.25,1377.0,2183.4166666666665,2164.1666666666665,2179.25,0.0,0.0,0.0,0.0,0.0,0.0,0.0,0.0,0.0,0.0,1.0,0.0,0.0,0.0,0.0,0.0,0.0,0.0,0.0,1.0,0.0,0.0,0.0,0.0,0.0,0.0,0.0,0.0,0.0,0.0,0.0,0.0,0.0,0.0,3.0,2.0,0.0,0.0,0.0,5.0
89,80019.0,29.087598460131712,28.468530096709397,30.32619026586393,8.241417756013108,13.222245652550518,9.960879000595293,9392.008431829929,9696.84668841945,11070.85093167291,315872.2291720495,452202.38283808104,453426.54783690406,1661.9127980209544,1756.5178024741272,1838.1365442066308,1.501666666666667,1.7866666666666664,2.1675,97.82166666666667,95.83999999999997,94.17499999999998,12.369166666666667,13.435833333333333,14.3125,280941.6666666667,309141.6666666667,325475.0,1739.75,1785.5833333333333,1826.25,1392.75,1448.5833333333333,1474.25,1843.1666666666667,1878.4166666666667,1875.75,0.0,0.0,0.0,0.0,0.0,0.0,0.0,0.0,0.0,0.0,0.0,0.0,0.0,0.0,0.0,0.0,0.0,0.0,0.0,0.0,0.0,0.0,0.0,0.0,0.0,0.0,0.0,0.0,0.0,0.0,0.0,1.0,0.0,0.0,0.0,0.0,0.0,0.0,0.0,1.0
